{"stats":{"minecraft:used":{"minecraft:sweet_berries":6},"minecraft:picked_up":{"minecraft:sweet_berries":21},"minecraft:mined":{"minecraft:sweet_berry_bush":9,"minecraft:spruce_leaves":7},"minecraft:custom":{"minecraft:jump":82,"minecraft:time_since_rest":5109,"minecraft:crouch_one_cm":442,"minecraft:play_one_minute":5109,"minecraft:leave_game":1,"minecraft:sprint_one_cm":7848,"minecraft:damage_taken":40,"minecraft:time_since_death":5109,"minecraft:walk_one_cm":3872,"minecraft:sneak_time":192,"minecraft:fall_one_cm":2663,"minecraft:fly_one_cm":10481}},"DataVersion":2586}